round32_match,predicted_winner,predicted_loser
1,Mexico,Curaçao
2,Switzerland,Tunisia
3,Brazil,Austria
4,USA,Korea Republic
5,Germany,Senegal
6,Netherlands,Australia
7,Belgium,Uzbekistan
8,Spain,Scotland
9,Norway,South Africa
10,Argentina,Canada
11,Portugal,Morocco
12,England,Paraguay
13,Ecuador,Japan
14,IR Iran,Uruguay
15,France,Algeria
16,Colombia,Panama
